Forks,Stars
161,755
263,25
485,1514
116,158
1616,4745
7680,20383
806,434
747,481
1347,1651
1865,8385
1411,5637
4605,10565
1809,7992
4567,7463
924,11972
2944,2247
409,1306
421,2068
1876,2145
493,1418
97,164
84,95
1133,6292
491,2243
893,10115
1292,4383
17962,43349
2416,7826
2450,2468
4210,16873
2843,4639
986,6553
711,4800
431,4
6577,23527
1118,4165
1328,2738
2450,14
1803,3507
1530,4857
1498,5286
2441,1543
47,126
2160,5454
2530,12704
3065,39666
119,60
1104,3024
140,45
1450,1631
373,2114
474,757
906,4657
1200,11884
935,3765
776,5449
859,4575
955,3410
1656,2512
980,8222
1380,3531
1301,3960
697,1319
11624,21377
2250,7757
1668,2200
801,3998
969,6883
1593,2047
1177,1492
213,1882
957,2471
1254,8835
362,498
3263,15019
51,98
1109,4161
1250,3170
606,571
682,4453
78,94
706,3849
1801,3120
1191,3108
258,938
409,1170
45844,194803
612,4922
857,2295
314,923
1096,1209
1837,976
155,18
4830,6270
472,1296
653,3673
1085,2826
605,1522
1018,1218
72,99
199,3625
3753,18608
1307,4570
1314,1705
523,5109
591,4024
1065,2741
16248,68209
309,705
1077,2318
1136,2105
1197,1836
431,7702
53,49
3643,5225
84,57
961,3020
781,4454
563,3822
828,1456
632,2633
901,1220
44,52
612,2829
912,2994
3134,6134
732,1827
685,2114
655,2266
72,71
761,4214
1541,774
298,354
713,1862
466,461
31,476
254,504
6947,40573
671,1937
2476,39255
5641,94
1357,2460
91,39
60,39
714,1554
670,4805
1123,3389
6477,36551
963,1939
2824,7128
569,2515
881,2372
636,1822
1344,2149
2169,6988
80,45
628,1858
1530,4460
657,1678
1204,8002
534,2485
531,2456
1506,1401
394,357
2848,18585
1357,1717
753,2774
662,1372
266,320
235,714
586,1900
216,537
2915,119
5829,28436
12321,32010
274,486
294,2
58,86
2852,14949
2037,8146
3250,11472
204,906
598,4065
1449,533
1777,6464
840,1845
933,1451
161,7
1522,1234
1818,4993
417,3521
54,99
751,5046
564,1693
367,132
53,98
4739,17754
553,1750
1589,12653
610,1393
5959,18337
1648,2279
980,1116
725,2222
92,25
1461,2811
727,2129
10161,28189
510,1930
7941,28867
60,63
1634,779
79,35
276,545
79,13
521,1696
44,114
59,63
557,3535
5550,16639
593,2913
321,4728
854,496
543,1393
204,632
383,3178
36,191
1018,1934
64,47
2798,2422
1026,765
1874,24912
591,1047
617,2378
35,36
162,968
43,24
6551,9932
496,1428
1894,5
168,536
3972,14974
1070,590
36,20
2757,7818
842,2306
975,686
224,447
68,38
480,1400
405,2021
72,32
432,1693
429,1721
329,613
572,865
6839,26973
1990,4617
639,3825
273,147
1299,740
942,1589
535,936
78,24
45,84
434,1498
205,474
5025,20811
664,1371
634,612
29,236
54,57
180,869
805,337
76,25
1417,6669
1935,12628
667,1216
2367,2541
411,3824
87,18
562,744
2638,130
400,1623
30548,63825
1351,228
509,2028
178,312
63,33
25,35
356,1803
339,2021
1068,2093
527,717
336,2031
1003,2309
2227,6945
459,2201
450,986
1114,1825
330,1996
1508,2083
380,1389
35,121
400,2908
369,1508
3445,2
49,55
46,14
452,2157
62,31
283,2655
1435,2115
54,15
1490,13510
228,225
725,695
1385,4444
808,1349
197,398
390,465
4825,13633
330,1619
543,541
22792,84637
3431,85657
453,1886
53,40
806,2808
92,11
629,854
167,963
1303,16011
378,2552
572,2312
483,1498
340,1393
60,30
3275,23260
393,896
5508,21776
248,1079
640,1681
418,764
44787,890
1916,21379
392,2019
266,179
1808,866
376,958
534,6749
259,2228
387,900
501,2763
325,1308
614,740
591,789
949,7133
13703,765
4196,9760
1417,9913
93,884
1446,9744
424,1685
2160,98
2504,26
349,1071
199,3801
206,3560
173,415
518,1017
460,1360
415,681
21,272
319,1254
457,536
372,853
717,3209
123,403
16804,6895
701,467
505,6988
478,450
139,458
211,179
488,2579
1030,4834
34,81
828,8103
166,383
780,1970
896,263
434,5685
286,1537
1935,14934
140,454
1425,7679
577,1677
149,240
273,1634
171,351
353,853
301,1260
646,3200
369,1724
558,1565
781,303
174,155
2523,4107
262,3716
3966,7707
539,1738
59,9
762,4368
291,1175
93,969
2281,31885
4913,15050
196,2833
42,45
316,918
522,712
1257,18
228,1925
1492,5237
568,236
113,586
152,450
118,512
476,819
473,832
31,90
326,809
669,383
68,15
245,1528
177,286
294,1045
107,406
3338,113
2104,63
414,2488
223,420
481,766
1030,3160
50,28
573,207
6451,7479
238,1549
233,1656
385,1155
968,3604
343,652
348,652
220,259
75,4
34,66
2686,16448
3275,6826
236,1515
333,1655
162,333
225,1633
250,429
249,1323
1006,10675
393,1055
967,11863
1019,3064
588,1013
953,59
924,150
4189,19406
103,576
892,13795
567,432
359,1311
354,1280
563,2950
161,277
154,150
226,1501
162,1439
303,751
330,624
686,1433
898,141
1340,1712
1403,15818
187,968
1769,27063
307,746
218,1562
28,15
3020,10207
929,2903
73,11
87,3
473,601
19,14
150,269
704,20087
304,731
3687,16509
881,147
1381,5317
22,15
292,753
390,395
436,672
8679,18748
129,198
4466,13054
4306,13835
247,1073
214,1435
68,11
59,15
206,128
44,28
276,781
286,717
1134,5877
480,527
381,1960
299,608
421,659
2906,6961
432,612
561,333
326,1220
331,502
977,7888
876,9232
361,888
2119,15852
1459,83
111,233
35,48
769,3587
555,339
448,1211
533,2686
249,1985
253,838
3770,14934
310,1193
191,1505
165,2194
625,525
156,102
839,2675
4216,8556
267,691
128,247
175,157
2742,3940
1781,5726
468,2800
204,1251
536,746
795,9412
10588,53351
344,376
548,695
1450,27144
283,584
334,908
341,388
649,4505
320,1033
371,699
264,673
419,527
107,477
122,257
2317,10194
361,4808
249,1715
381,281
255,678
232,2037
482,878
261,3452
224,427
320,938
230,846
21,10
320,916
579,539
2123,11827
2658,16
1028,60
142,252
300,1042
236,1822
10578,42049
16,20
666,969
143,90
200,1146
250,669
983,4988
694,1708
244,729
382,567
290,1110
437,947
232,1760
275,530
237,730
387,1264
28,63
5802,2873
106,204
1781,4260
220,847
610,2277
1121,3260
24,97
103,325
265,565
1436,6451
472,716
309,389
818,2002
123,216
130,125
300,880
475,310
935,4545
2683,16794
91,270
259,544
1367,6448
47,18
2288,25575
587,932
40,26
200,966
257,547
8693,10
134,2400
6416,30616
235,669
274,993
82,133
221,771
183,1133
198,951
1781,10733
1328,4021
2318,6678
66,824
2003,9162
239,603
406,2095
256,1107
2024,8747
975,13745
178,1135
447,679
146,182
3296,9990
238,1323
743,1986
228,625
90,367
374,200
243,537
572,3700
717,6802
142,1903
4406,12294
347,246
227,626
2006,22703
131,223
548,400
191,895
196,1966
84,280
1493,89
95,302
323,589
847,15417
667,2291
801,5085
887,3976
71,593
374,892
395,7558
98,415
7183,11
636,2453
2081,21592
207,718
345,210
211,45
9627,13
27,53
307,584
361,945
2489,4436
92,203
281,339
281,733
54,11
713,6324
232,499
514,391
2273,5040
399,321
4559,3118
226,522
337,462
274,747
315,548
273,725
188,439
392,703
527,798
2426,4260
1182,20504
940,42
368,364
681,460
143,200
386,6275
139,1526
356,390
633,233
206,1365
115,259
247,939
199,1451
217,529
33,34
265,757
383,325
219,1184
247,854
1248,19255
137,1508
403,283
309,229
1060,7275
3000,25152
81,370
197,664
184,740
249,832
468,13871
838,2225
1358,3619
30,38
212,1189
511,6399
268,307
99,329
214,1148
230,959
371,145
183,730
3285,15948
210,523
204,589
212,503
200,583
221,463
212,512
269,303
469,4
327,414
193,1383
806,55
167,864
93,158
560,2379
79,229
184,1535
212,494
734,745
242,830
332,848
150,1064
104,1
66,357
69,156
27,45
431,466
25434,60305
181,662
91,253
770,12490
288,1121
260,657
233,366
248,325
150,1021
214,988
316,934
341,779
284,1133
109,103
87,257
426,458
143,115
311,402
609,969
136,94
197,59
1613,9
238,329
229,382
368,14
260,1292
60,7
418,3890
415,459
140,1168
151,971
1761,470
121,80
245,673
502,2442
2533,18194
310,398
256,1076
201,461
2967,1
4820,4350
109,1892
275,1056
166,731
423,2262
603,5359
853,76
938,6262
539,17
411,86
340,15
109,188
1298,1953
